<?xml version="1.0" encoding="UTF-8"?>
<PublicationDelivery xmlns="http://www.netex.org.uk/netex">
   <PublicationTimestamp>2017-05-02T14:16:50.563+02:00</PublicationTimestamp>
   <ParticipantRef>AVI</ParticipantRef>
   <Description>Avinor manuelt laget</Description>
   <dataObjects>
      <SiteFrame id="AVI:SiteFrame:1" version="1">
         <codespaces>
            <Codespace id="AVI">
               <Xmlns>AVI</Xmlns>
               <XmlnsUrl>http://www.rutebanken.org/ns/avi</XmlnsUrl>
            </Codespace>
         </codespaces>
         <stopPlaces>
            <StopPlace version="1" id="AVI:StopPlace:AES">
               <Name>Ålesund Lufthavn</Name>
               <ShortName>AES</ShortName>
               <Centroid>
                  <Location srsName="EPSG:4326">
                     <Longitude>6.115269</Longitude>
                     <Latitude>62.558612</Latitude>
                  </Location>
               </Centroid>
               <StopPlaceType>airport</StopPlaceType>
               <quays>
                  <n:Quay xmlns:n="http://www.netex.org.uk/netex" version="1" id="AVI:Quay:AES">
                     <Centroid>
                        <Location srsName="EPSG:4326">
                           <Longitude>6.115269</Longitude>
                           <Latitude>62.558612</Latitude>
                        </Location>
                     </Centroid>
                  </n:Quay>
               </quays>
            </StopPlace>
            <StopPlace version="1" id="AVI:StopPlace:ALF">
               <Name>Alta Lufthavn</Name>
               <ShortName>ALF</ShortName>
               <Centroid>
                  <Location srsName="EPSG:4326">
                     <Longitude>23.34702</Longitude>
                     <Latitude>69.978438</Latitude>
                  </Location>
               </Centroid>
               <StopPlaceType>airport</StopPlaceType>
               <quays>
                  <n:Quay xmlns:n="http://www.netex.org.uk/netex" version="1" id="AVI:Quay:ALF">
                     <Centroid>
                        <Location srsName="EPSG:4326">
                           <Longitude>23.34702</Longitude>
                           <Latitude>69.978438</Latitude>
                        </Location>
                     </Centroid>
                  </n:Quay>
               </quays>
            </StopPlace>
            <StopPlace version="1" id="AVI:StopPlace:ANX">
               <Name>Andøya Lufthavn</Name>
               <ShortName>ANX</ShortName>
               <Centroid>
                  <Location srsName="EPSG:4326">
                     <Longitude>16.123909</Longitude>
                     <Latitude>69.310583</Latitude>
                  </Location>
               </Centroid>
               <StopPlaceType>airport</StopPlaceType>
               <quays>
                  <n:Quay xmlns:n="http://www.netex.org.uk/netex" version="1" id="AVI:Quay:ANX">
                     <Centroid>
                        <Location srsName="EPSG:4326">
                           <Longitude>16.123909</Longitude>
                           <Latitude>69.310583</Latitude>
                        </Location>
                     </Centroid>
                  </n:Quay>
               </quays>
            </StopPlace>
            <StopPlace version="1" id="AVI:StopPlace:BDU">
               <Name>Bardufoss Lufthavn</Name>
               <ShortName>BDU</ShortName>
               <Centroid>
                  <Location srsName="EPSG:4326">
                     <Longitude>18.538795</Longitude>
                     <Latitude>69.059446</Latitude>
                  </Location>
               </Centroid>
               <StopPlaceType>airport</StopPlaceType>
               <quays>
                  <n:Quay xmlns:n="http://www.netex.org.uk/netex" version="1" id="AVI:Quay:BDU">
                     <Centroid>
                        <Location srsName="EPSG:4326">
                           <Longitude>18.538795</Longitude>
                           <Latitude>69.059446</Latitude>
                        </Location>
                     </Centroid>
                  </n:Quay>
               </quays>
            </StopPlace>
            <StopPlace version="1" id="AVI:StopPlace:BGO">
               <Name>Bergen Lufthavn</Name>
               <ShortName>BGO</ShortName>
               <Centroid>
                  <Location srsName="EPSG:4326">
                     <Longitude>5.228074</Longitude>
                     <Latitude>60.289055</Latitude>
                  </Location>
               </Centroid>
               <StopPlaceType>airport</StopPlaceType>
               <quays>
                  <n:Quay xmlns:n="http://www.netex.org.uk/netex" version="1" id="AVI:Quay:BGO">
                     <Centroid>
                        <Location srsName="EPSG:4326">
                           <Longitude>5.228074</Longitude>
                           <Latitude>60.289055</Latitude>
                        </Location>
                     </Centroid>
                  </n:Quay>
               </quays>
            </StopPlace>
            <StopPlace version="1" id="AVI:StopPlace:BJF">
               <Name>Båtsfjord Lufthavn</Name>
               <ShortName>BJF</ShortName>
               <Centroid>
                  <Location srsName="EPSG:4326">
                     <Longitude>29.692773</Longitude>
                     <Latitude>70.602507</Latitude>
                  </Location>
               </Centroid>
               <StopPlaceType>airport</StopPlaceType>
               <quays>
                  <n:Quay xmlns:n="http://www.netex.org.uk/netex" version="1" id="AVI:Quay:BJF">
                     <Centroid>
                        <Location srsName="EPSG:4326">
                           <Longitude>29.692773</Longitude>
                           <Latitude>70.602507</Latitude>
                        </Location>
                     </Centroid>
                  </n:Quay>
               </quays>
            </StopPlace>
            <StopPlace version="1" id="AVI:StopPlace:BNN">
               <Name>Brønnøysund Lufthavn</Name>
               <ShortName>BNN</ShortName>
               <Centroid>
                  <Location srsName="EPSG:4326">
                     <Longitude>12.209051</Longitude>
                     <Latitude>65.4598</Latitude>
                  </Location>
               </Centroid>
               <StopPlaceType>airport</StopPlaceType>
               <quays>
                  <n:Quay xmlns:n="http://www.netex.org.uk/netex" version="1" id="AVI:Quay:BNN">
                     <Centroid>
                        <Location srsName="EPSG:4326">
                           <Longitude>12.209051</Longitude>
                           <Latitude>65.4598</Latitude>
                        </Location>
                     </Centroid>
                  </n:Quay>
               </quays>
            </StopPlace>
            <StopPlace version="1" id="AVI:StopPlace:BOO">
               <Name>Bodø Lufthavn</Name>
               <ShortName>BOO</ShortName>
               <Centroid>
                  <Location srsName="EPSG:4326">
                     <Longitude>14.367526</Longitude>
                     <Latitude>67.272656</Latitude>
                  </Location>
               </Centroid>
               <StopPlaceType>airport</StopPlaceType>
               <quays>
                  <n:Quay xmlns:n="http://www.netex.org.uk/netex" version="1" id="AVI:Quay:BOO">
                     <Centroid>
                        <Location srsName="EPSG:4326">
                           <Longitude>14.367526</Longitude>
                           <Latitude>67.272656</Latitude>
                        </Location>
                     </Centroid>
                  </n:Quay>
               </quays>
            </StopPlace>
            <StopPlace version="1" id="AVI:StopPlace:BVG">
               <Name>Berlevåg Lufthavn</Name>
               <ShortName>BVG</ShortName>
               <Centroid>
                  <Location srsName="EPSG:4326">
                     <Longitude>29.029888</Longitude>
                     <Latitude>70.869958</Latitude>
                  </Location>
               </Centroid>
               <StopPlaceType>airport</StopPlaceType>
               <quays>
                  <n:Quay xmlns:n="http://www.netex.org.uk/netex" version="1" id="AVI:Quay:BVG">
                     <Centroid>
                        <Location srsName="EPSG:4326">
                           <Longitude>29.029888</Longitude>
                           <Latitude>70.869958</Latitude>
                        </Location>
                     </Centroid>
                  </n:Quay>
               </quays>
            </StopPlace>
            <StopPlace version="1" id="AVI:StopPlace:EVE">
               <Name>Harstad/Narvik Lufthavn</Name>
               <ShortName>EVE</ShortName>
               <Centroid>
                  <Location srsName="EPSG:4326">
                     <Longitude>16.687364</Longitude>
                     <Latitude>68.490412</Latitude>
                  </Location>
               </Centroid>
               <StopPlaceType>airport</StopPlaceType>
               <quays>
                  <n:Quay xmlns:n="http://www.netex.org.uk/netex" version="1" id="AVI:Quay:EVE">
                     <Centroid>
                        <Location srsName="EPSG:4326">
                           <Longitude>16.687364</Longitude>
                           <Latitude>68.490412</Latitude>
                        </Location>
                     </Centroid>
                  </n:Quay>
               </quays>
            </StopPlace>
            <StopPlace version="1" id="AVI:StopPlace:FDE">
               <Name>Førde Lufthamn</Name>
               <ShortName>FDE</ShortName>
               <Centroid>
                  <Location srsName="EPSG:4326">
                     <Longitude>5.764381</Longitude>
                     <Latitude>61.391174</Latitude>
                  </Location>
               </Centroid>
               <StopPlaceType>airport</StopPlaceType>
               <quays>
                  <n:Quay xmlns:n="http://www.netex.org.uk/netex" version="1" id="AVI:Quay:FDE">
                     <Centroid>
                        <Location srsName="EPSG:4326">
                           <Longitude>5.764381</Longitude>
                           <Latitude>61.391174</Latitude>
                        </Location>
                     </Centroid>
                  </n:Quay>
               </quays>
            </StopPlace>
            <StopPlace version="1" id="AVI:StopPlace:FRO">
               <Name>Florø Lufthamn</Name>
               <ShortName>FRO</ShortName>
               <Centroid>
                  <Location srsName="EPSG:4326">
                     <Longitude>5.024494</Longitude>
                     <Latitude>61.585834</Latitude>
                  </Location>
               </Centroid>
               <StopPlaceType>airport</StopPlaceType>
               <quays>
                  <n:Quay xmlns:n="http://www.netex.org.uk/netex" version="1" id="AVI:Quay:FRO">
                     <Centroid>
                        <Location srsName="EPSG:4326">
                           <Longitude>5.024494</Longitude>
                           <Latitude>61.585834</Latitude>
                        </Location>
                     </Centroid>
                  </n:Quay>
               </quays>
            </StopPlace>
            <StopPlace version="1" id="AVI:StopPlace:HAA">
               <Name>Hasvik Lufthavn</Name>
               <ShortName>HAA</ShortName>
               <Centroid>
                  <Location srsName="EPSG:4326">
                     <Longitude>22.146949</Longitude>
                     <Latitude>70.486451</Latitude>
                  </Location>
               </Centroid>
               <StopPlaceType>airport</StopPlaceType>
               <quays>
                  <n:Quay xmlns:n="http://www.netex.org.uk/netex" version="1" id="AVI:Quay:HAA">
                     <Centroid>
                        <Location srsName="EPSG:4326">
                           <Longitude>22.146949</Longitude>
                           <Latitude>70.486451</Latitude>
                        </Location>
                     </Centroid>
                  </n:Quay>
               </quays>
            </StopPlace>
            <StopPlace version="1" id="AVI:StopPlace:HAU">
               <Name>Haugesund Lufthavn</Name>
               <ShortName>HAU</ShortName>
               <Centroid>
                  <Location srsName="EPSG:4326">
                     <Longitude>5.217039</Longitude>
                     <Latitude>59.344379</Latitude>
                  </Location>
               </Centroid>
               <StopPlaceType>airport</StopPlaceType>
               <quays>
                  <n:Quay xmlns:n="http://www.netex.org.uk/netex" version="1" id="AVI:Quay:HAU">
                     <Centroid>
                        <Location srsName="EPSG:4326">
                           <Longitude>5.217039</Longitude>
                           <Latitude>59.344379</Latitude>
                        </Location>
                     </Centroid>
                  </n:Quay>
               </quays>
            </StopPlace>
            <StopPlace version="1" id="AVI:StopPlace:HFT">
               <Name>Hammerfest Lufthavn</Name>
               <ShortName>HFT</ShortName>
               <Centroid>
                  <Location srsName="EPSG:4326">
                     <Longitude>23.674852</Longitude>
                     <Latitude>70.679787</Latitude>
                  </Location>
               </Centroid>
               <StopPlaceType>airport</StopPlaceType>
               <quays>
                  <n:Quay xmlns:n="http://www.netex.org.uk/netex" version="1" id="AVI:Quay:HFT">
                     <Centroid>
                        <Location srsName="EPSG:4326">
                           <Longitude>23.674852</Longitude>
                           <Latitude>70.679787</Latitude>
                        </Location>
                     </Centroid>
                  </n:Quay>
               </quays>
            </StopPlace>
            <StopPlace version="1" id="AVI:StopPlace:HOV">
               <Name>Ørsta-Volda Lufthamn</Name>
               <ShortName>HOV</ShortName>
               <Centroid>
                  <Location srsName="EPSG:4326">
                     <Longitude>6.079831</Longitude>
                     <Latitude>62.180063</Latitude>
                  </Location>
               </Centroid>
               <StopPlaceType>airport</StopPlaceType>
               <quays>
                  <n:Quay xmlns:n="http://www.netex.org.uk/netex" version="1" id="AVI:Quay:HOV">
                     <Centroid>
                        <Location srsName="EPSG:4326">
                           <Longitude>6.079831</Longitude>
                           <Latitude>62.180063</Latitude>
                        </Location>
                     </Centroid>
                  </n:Quay>
               </quays>
            </StopPlace>
            <StopPlace version="1" id="AVI:StopPlace:HVG">
               <Name>Honningsvåg Lufthavn</Name>
               <ShortName>HVG</ShortName>
               <Centroid>
                  <Location srsName="EPSG:4326">
                     <Longitude>25.979659</Longitude>
                     <Latitude>71.008747</Latitude>
                  </Location>
               </Centroid>
               <StopPlaceType>airport</StopPlaceType>
               <quays>
                  <n:Quay xmlns:n="http://www.netex.org.uk/netex" version="1" id="AVI:Quay:HVG">
                     <Centroid>
                        <Location srsName="EPSG:4326">
                           <Longitude>25.979659</Longitude>
                           <Latitude>71.008747</Latitude>
                        </Location>
                     </Centroid>
                  </n:Quay>
               </quays>
            </StopPlace>
            <StopPlace version="1" id="AVI:StopPlace:KKN">
               <Name>Kirkenes Lufthavn</Name>
               <ShortName>KKN</ShortName>
               <Centroid>
                  <Location srsName="EPSG:4326">
                     <Longitude>29.890999</Longitude>
                     <Latitude>69.72394</Latitude>
                  </Location>
               </Centroid>
               <StopPlaceType>airport</StopPlaceType>
               <quays>
                  <n:Quay xmlns:n="http://www.netex.org.uk/netex" version="1" id="AVI:Quay:KKN">
                     <Centroid>
                        <Location srsName="EPSG:4326">
                           <Longitude>29.890999</Longitude>
                           <Latitude>69.72394</Latitude>
                        </Location>
                     </Centroid>
                  </n:Quay>
               </quays>
            </StopPlace>
            <StopPlace version="1" id="AVI:StopPlace:KRS">
               <Name>Kristiansand Lufthavn</Name>
               <ShortName>KRS</ShortName>
               <Centroid>
                  <Location srsName="EPSG:4326">
                     <Longitude>8.074475</Longitude>
                     <Latitude>58.202589</Latitude>
                  </Location>
               </Centroid>
               <StopPlaceType>airport</StopPlaceType>
               <quays>
                  <n:Quay xmlns:n="http://www.netex.org.uk/netex" version="1" id="AVI:Quay:KRS">
                     <Centroid>
                        <Location srsName="EPSG:4326">
                           <Longitude>8.074475</Longitude>
                           <Latitude>58.202589</Latitude>
                        </Location>
                     </Centroid>
                  </n:Quay>
               </quays>
            </StopPlace>
            <StopPlace version="1" id="AVI:StopPlace:KSU">
               <Name>Kristiansund Lufthavn</Name>
               <ShortName>KSU</ShortName>
               <Centroid>
                  <Location srsName="EPSG:4326">
                     <Longitude>7.825808</Longitude>
                     <Latitude>63.113959</Latitude>
                  </Location>
               </Centroid>
               <StopPlaceType>airport</StopPlaceType>
               <quays>
                  <n:Quay xmlns:n="http://www.netex.org.uk/netex" version="1" id="AVI:Quay:KSU">
                     <Centroid>
                        <Location srsName="EPSG:4326">
                           <Longitude>7.825808</Longitude>
                           <Latitude>63.113959</Latitude>
                        </Location>
                     </Centroid>
                  </n:Quay>
               </quays>
            </StopPlace>
            <StopPlace version="1" id="AVI:StopPlace:LKL">
               <Name>Lakselv Lufthavn</Name>
               <ShortName>LKL</ShortName>
               <Centroid>
                  <Location srsName="EPSG:4326">
                     <Longitude>24.982287</Longitude>
                     <Latitude>70.066249</Latitude>
                  </Location>
               </Centroid>
               <StopPlaceType>airport</StopPlaceType>
               <quays>
                  <n:Quay xmlns:n="http://www.netex.org.uk/netex" version="1" id="AVI:Quay:LKL">
                     <Centroid>
                        <Location srsName="EPSG:4326">
                           <Longitude>24.982287</Longitude>
                           <Latitude>70.066249</Latitude>
                        </Location>
                     </Centroid>
                  </n:Quay>
               </quays>
            </StopPlace>
            <StopPlace version="1" id="AVI:StopPlace:LKN">
               <Name>Leknes Lufthavn</Name>
               <ShortName>LKN</ShortName>
               <Centroid>
                  <Location srsName="EPSG:4326">
                     <Longitude>13.614409</Longitude>
                     <Latitude>68.153554</Latitude>
                  </Location>
               </Centroid>
               <StopPlaceType>airport</StopPlaceType>
               <quays>
                  <n:Quay xmlns:n="http://www.netex.org.uk/netex" version="1" id="AVI:Quay:LKN">
                     <Centroid>
                        <Location srsName="EPSG:4326">
                           <Longitude>13.614409</Longitude>
                           <Latitude>68.153554</Latitude>
                        </Location>
                     </Centroid>
                  </n:Quay>
               </quays>
            </StopPlace>
            <StopPlace version="1" id="AVI:StopPlace:LYR">
               <Name>Svalbard Lufthavn</Name>
               <ShortName>LYR</ShortName>
               <Centroid>
                  <Location srsName="EPSG:4326">
                     <Longitude>15.493326</Longitude>
                     <Latitude>78.246804</Latitude>
                  </Location>
               </Centroid>
               <StopPlaceType>airport</StopPlaceType>
               <quays>
                  <n:Quay xmlns:n="http://www.netex.org.uk/netex" version="1" id="AVI:Quay:LYR">
                     <Centroid>
                        <Location srsName="EPSG:4326">
                           <Longitude>15.493326</Longitude>
                           <Latitude>78.246804</Latitude>
                        </Location>
                     </Centroid>
                  </n:Quay>
               </quays>
            </StopPlace>
            <StopPlace version="1" id="AVI:StopPlace:MEH">
               <Name>Mehamn Lufthavn</Name>
               <ShortName>MEH</ShortName>
               <Centroid>
                  <Location srsName="EPSG:4326">
                     <Longitude>27.829237</Longitude>
                     <Latitude>71.027598</Latitude>
                  </Location>
               </Centroid>
               <StopPlaceType>airport</StopPlaceType>
               <quays>
                  <n:Quay xmlns:n="http://www.netex.org.uk/netex" version="1" id="AVI:Quay:MEH">
                     <Centroid>
                        <Location srsName="EPSG:4326">
                           <Longitude>27.829237</Longitude>
                           <Latitude>71.027598</Latitude>
                        </Location>
                     </Centroid>
                  </n:Quay>
               </quays>
            </StopPlace>
            <StopPlace version="1" id="AVI:StopPlace:MJF">
               <Name>Mosjøen Lufthavn</Name>
               <ShortName>MJF</ShortName>
               <Centroid>
                  <Location srsName="EPSG:4326">
                     <Longitude>13.217036</Longitude>
                     <Latitude>65.784477</Latitude>
                  </Location>
               </Centroid>
               <StopPlaceType>airport</StopPlaceType>
               <quays>
                  <n:Quay xmlns:n="http://www.netex.org.uk/netex" version="1" id="AVI:Quay:MJF">
                     <Centroid>
                        <Location srsName="EPSG:4326">
                           <Longitude>13.217036</Longitude>
                           <Latitude>65.784477</Latitude>
                        </Location>
                     </Centroid>
                  </n:Quay>
               </quays>
            </StopPlace>
            <StopPlace version="1" id="AVI:StopPlace:MOL">
               <Name>Molde Lufthavn</Name>
               <ShortName>MOL</ShortName>
               <Centroid>
                  <Location srsName="EPSG:4326">
                     <Longitude>7.260955</Longitude>
                     <Latitude>62.746489</Latitude>
                  </Location>
               </Centroid>
               <StopPlaceType>airport</StopPlaceType>
               <quays>
                  <n:Quay xmlns:n="http://www.netex.org.uk/netex" version="1" id="AVI:Quay:MOL">
                     <Centroid>
                        <Location srsName="EPSG:4326">
                           <Longitude>7.260955</Longitude>
                           <Latitude>62.746489</Latitude>
                        </Location>
                     </Centroid>
                  </n:Quay>
               </quays>
            </StopPlace>
            <StopPlace version="1" id="AVI:StopPlace:MQN">
               <Name>Mo i Rana Lufthavn</Name>
               <ShortName>MQN</ShortName>
               <Centroid>
                  <Location srsName="EPSG:4326">
                     <Longitude>14.302811</Longitude>
                     <Latitude>66.364769</Latitude>
                  </Location>
               </Centroid>
               <StopPlaceType>airport</StopPlaceType>
               <quays>
                  <n:Quay xmlns:n="http://www.netex.org.uk/netex" version="1" id="AVI:Quay:MQN">
                     <Centroid>
                        <Location srsName="EPSG:4326">
                           <Longitude>14.302811</Longitude>
                           <Latitude>66.364769</Latitude>
                        </Location>
                     </Centroid>
                  </n:Quay>
               </quays>
            </StopPlace>
            <StopPlace version="1" id="AVI:StopPlace:NVK">
               <Name>Narvik Lufthavn</Name>
               <ShortName>NVK</ShortName>
               <Centroid>
                  <Location srsName="EPSG:4326">
                     <Longitude>17.388101</Longitude>
                     <Latitude>68.435938</Latitude>
                  </Location>
               </Centroid>
               <StopPlaceType>airport</StopPlaceType>
               <quays>
                  <n:Quay xmlns:n="http://www.netex.org.uk/netex" version="1" id="AVI:Quay:NVK">
                     <Centroid>
                        <Location srsName="EPSG:4326">
                           <Longitude>17.388101</Longitude>
                           <Latitude>68.435938</Latitude>
                        </Location>
                     </Centroid>
                  </n:Quay>
               </quays>
            </StopPlace>
            <StopPlace version="1" id="AVI:StopPlace:OLA">
               <Name>Ørland Lufthavn</Name>
               <ShortName>OLA</ShortName>
               <Centroid>
                  <Location srsName="EPSG:4326">
                     <Longitude>9.616936</Longitude>
                     <Latitude>63.700070</Latitude>
                  </Location>
               </Centroid>
               <StopPlaceType>airport</StopPlaceType>
               <quays>
                  <n:Quay xmlns:n="http://www.netex.org.uk/netex" version="1" id="AVI:Quay:OLA">
                     <Centroid>
                        <Location srsName="EPSG:4326">
                           <Longitude>9.616936</Longitude>
                           <Latitude>63.700070</Latitude>
                        </Location>
                     </Centroid>
                  </n:Quay>
               </quays>
            </StopPlace>
            <StopPlace version="1" id="AVI:StopPlace:OSL">
               <Name>Oslo Lufthavn</Name>
               <ShortName>OSL</ShortName>
               <Centroid>
                  <Location srsName="EPSG:4326">
                     <Longitude>11.099289</Longitude>
                     <Latitude>60.19346</Latitude>
                  </Location>
               </Centroid>
               <StopPlaceType>airport</StopPlaceType>
               <quays>
                  <n:Quay xmlns:n="http://www.netex.org.uk/netex" version="1" id="AVI:Quay:OSL">
                     <Centroid>
                        <Location srsName="EPSG:4326">
                           <Longitude>11.099289</Longitude>
                           <Latitude>60.19346</Latitude>
                        </Location>
                     </Centroid>
                  </n:Quay>
               </quays>
            </StopPlace>
            <StopPlace version="1" id="AVI:StopPlace:OSY">
               <Name>Namsos Lufthavn</Name>
               <ShortName>OSY</ShortName>
               <Centroid>
                  <Location srsName="EPSG:4326">
                     <Longitude>11.570914</Longitude>
                     <Latitude>64.472456</Latitude>
                  </Location>
               </Centroid>
               <StopPlaceType>airport</StopPlaceType>
               <quays>
                  <n:Quay xmlns:n="http://www.netex.org.uk/netex" version="1" id="AVI:Quay:OSY">
                     <Centroid>
                        <Location srsName="EPSG:4326">
                           <Longitude>11.570914</Longitude>
                           <Latitude>64.472456</Latitude>
                        </Location>
                     </Centroid>
                  </n:Quay>
               </quays>
            </StopPlace>
            <StopPlace version="1" id="AVI:StopPlace:RET">
               <Name>Røst Lufthavn</Name>
               <ShortName>RET</ShortName>
               <Centroid>
                  <Location srsName="EPSG:4326">
                     <Longitude>12.105909</Longitude>
                     <Latitude>67.527456</Latitude>
                  </Location>
               </Centroid>
               <StopPlaceType>airport</StopPlaceType>
               <quays>
                  <n:Quay xmlns:n="http://www.netex.org.uk/netex" version="1" id="AVI:Quay:RET">
                     <Centroid>
                        <Location srsName="EPSG:4326">
                           <Longitude>12.105909</Longitude>
                           <Latitude>67.527456</Latitude>
                        </Location>
                     </Centroid>
                  </n:Quay>
               </quays>
            </StopPlace>
            <StopPlace version="1" id="AVI:StopPlace:RRS">
               <Name>Røros Lufthavn</Name>
               <ShortName>RRS</ShortName>
               <Centroid>
                  <Location srsName="EPSG:4326">
                     <Longitude>11.352887</Longitude>
                     <Latitude>62.576951</Latitude>
                  </Location>
               </Centroid>
               <StopPlaceType>airport</StopPlaceType>
               <quays>
                  <n:Quay xmlns:n="http://www.netex.org.uk/netex" version="1" id="AVI:Quay:RRS">
                     <Centroid>
                        <Location srsName="EPSG:4326">
                           <Longitude>11.352887</Longitude>
                           <Latitude>62.576951</Latitude>
                        </Location>
                     </Centroid>
                  </n:Quay>
               </quays>
            </StopPlace>
            <StopPlace version="1" id="AVI:StopPlace:RVK">
               <Name>Rørvik Lufthavn</Name>
               <ShortName>RVK</ShortName>
               <Centroid>
                  <Location srsName="EPSG:4326">
                     <Longitude>11.14492</Longitude>
                     <Latitude>64.839405</Latitude>
                  </Location>
               </Centroid>
               <StopPlaceType>airport</StopPlaceType>
               <quays>
                  <n:Quay xmlns:n="http://www.netex.org.uk/netex" version="1" id="AVI:Quay:RVK">
                     <Centroid>
                        <Location srsName="EPSG:4326">
                           <Longitude>11.14492</Longitude>
                           <Latitude>64.839405</Latitude>
                        </Location>
                     </Centroid>
                  </n:Quay>
               </quays>
            </StopPlace>
            <StopPlace version="1" id="AVI:StopPlace:SDN">
               <Name>Sandane Lufthamn</Name>
               <ShortName>SDN</ShortName>
               <Centroid>
                  <Location srsName="EPSG:4326">
                     <Longitude>6.107743</Longitude>
                     <Latitude>61.829132</Latitude>
                  </Location>
               </Centroid>
               <StopPlaceType>airport</StopPlaceType>
               <quays>
                  <n:Quay xmlns:n="http://www.netex.org.uk/netex" version="1" id="AVI:Quay:SDN">
                     <Centroid>
                        <Location srsName="EPSG:4326">
                           <Longitude>6.107743</Longitude>
                           <Latitude>61.829132</Latitude>
                        </Location>
                     </Centroid>
                  </n:Quay>
               </quays>
            </StopPlace>
            <StopPlace version="1" id="AVI:StopPlace:SKN">
               <Name>Stokmarknes Lufthavn</Name>
               <ShortName>SKN</ShortName>
               <Centroid>
                  <Location srsName="EPSG:4326">
                     <Longitude>15.031755</Longitude>
                     <Latitude>68.579518</Latitude>
                  </Location>
               </Centroid>
               <StopPlaceType>airport</StopPlaceType>
               <quays>
                  <n:Quay xmlns:n="http://www.netex.org.uk/netex" version="1" id="AVI:Quay:SKN">
                     <Centroid>
                        <Location srsName="EPSG:4326">
                           <Longitude>15.031755</Longitude>
                           <Latitude>68.579518</Latitude>
                        </Location>
                     </Centroid>
                  </n:Quay>
               </quays>
            </StopPlace>
            <StopPlace version="1" id="AVI:StopPlace:SOG">
               <Name>Sogndal Lufthamn</Name>
               <ShortName>SOG</ShortName>
               <Centroid>
                  <Location srsName="EPSG:4326">
                     <Longitude>7.137626</Longitude>
                     <Latitude>61.157552</Latitude>
                  </Location>
               </Centroid>
               <StopPlaceType>airport</StopPlaceType>
               <quays>
                  <n:Quay xmlns:n="http://www.netex.org.uk/netex" version="1" id="AVI:Quay:SOG">
                     <Centroid>
                        <Location srsName="EPSG:4326">
                           <Longitude>7.137626</Longitude>
                           <Latitude>61.157552</Latitude>
                        </Location>
                     </Centroid>
                  </n:Quay>
               </quays>
            </StopPlace>
            <StopPlace version="1" id="AVI:StopPlace:SOJ">
               <Name>Sørkjosen Lufthavn</Name>
               <ShortName>SOJ</ShortName>
               <Centroid>
                  <Location srsName="EPSG:4326">
                     <Longitude>20.957729</Longitude>
                     <Latitude>69.785507</Latitude>
                  </Location>
               </Centroid>
               <StopPlaceType>airport</StopPlaceType>
               <quays>
                  <n:Quay xmlns:n="http://www.netex.org.uk/netex" version="1" id="AVI:Quay:SOJ">
                     <Centroid>
                        <Location srsName="EPSG:4326">
                           <Longitude>20.957729</Longitude>
                           <Latitude>69.785507</Latitude>
                        </Location>
                     </Centroid>
                  </n:Quay>
               </quays>
            </StopPlace>
            <StopPlace version="1" id="AVI:StopPlace:SSJ">
               <Name>Sandnessjøen Lufthavn</Name>
               <ShortName>SSJ</ShortName>
               <Centroid>
                  <Location srsName="EPSG:4326">
                     <Longitude>12.476371</Longitude>
                     <Latitude>65.960171</Latitude>
                  </Location>
               </Centroid>
               <StopPlaceType>airport</StopPlaceType>
               <quays>
                  <n:Quay xmlns:n="http://www.netex.org.uk/netex" version="1" id="AVI:Quay:SSJ">
                     <Centroid>
                        <Location srsName="EPSG:4326">
                           <Longitude>12.476371</Longitude>
                           <Latitude>65.960171</Latitude>
                        </Location>
                     </Centroid>
                  </n:Quay>
               </quays>
            </StopPlace>
            <StopPlace version="1" id="AVI:StopPlace:SVG">
               <Name>Stavanger Lufthavn</Name>
               <ShortName>SVG</ShortName>
               <Centroid>
                  <Location srsName="EPSG:4326">
                     <Longitude>5.629675</Longitude>
                     <Latitude>58.882237</Latitude>
                  </Location>
               </Centroid>
               <StopPlaceType>airport</StopPlaceType>
               <quays>
                  <n:Quay xmlns:n="http://www.netex.org.uk/netex" version="1" id="AVI:Quay:SVG">
                     <Centroid>
                        <Location srsName="EPSG:4326">
                           <Longitude>5.629675</Longitude>
                           <Latitude>58.882237</Latitude>
                        </Location>
                     </Centroid>
                  </n:Quay>
               </quays>
            </StopPlace>
            <StopPlace version="1" id="AVI:StopPlace:SVJ">
               <Name>Svolvær Lufthavn</Name>
               <ShortName>SVJ</ShortName>
               <Centroid>
                  <Location srsName="EPSG:4326">
                     <Longitude>14.666773</Longitude>
                     <Latitude>68.245156</Latitude>
                  </Location>
               </Centroid>
               <StopPlaceType>airport</StopPlaceType>
               <quays>
                  <n:Quay xmlns:n="http://www.netex.org.uk/netex" version="1" id="AVI:Quay:SVJ">
                     <Centroid>
                        <Location srsName="EPSG:4326">
                           <Longitude>14.666773</Longitude>
                           <Latitude>68.245156</Latitude>
                        </Location>
                     </Centroid>
                  </n:Quay>
               </quays>
            </StopPlace>
            <StopPlace version="1" id="AVI:StopPlace:TOS">
               <Name>Tromsø Lufthavn</Name>
               <ShortName>TOS</ShortName>
               <Centroid>
                  <Location srsName="EPSG:4326">
                     <Longitude>18.907161</Longitude>
                     <Latitude>69.679648</Latitude>
                  </Location>
               </Centroid>
               <StopPlaceType>airport</StopPlaceType>
               <quays>
                  <n:Quay xmlns:n="http://www.netex.org.uk/netex" version="1" id="AVI:Quay:TOS">
                     <Centroid>
                        <Location srsName="EPSG:4326">
                           <Longitude>18.907161</Longitude>
                           <Latitude>69.679648</Latitude>
                        </Location>
                     </Centroid>
                  </n:Quay>
               </quays>
            </StopPlace>
            <StopPlace version="1" id="AVI:StopPlace:TRD">
               <Name>Trondheim Lufthavn</Name>
               <ShortName>TRD</ShortName>
               <Centroid>
                  <Location srsName="EPSG:4326">
                     <Longitude>10.917965</Longitude>
                     <Latitude>63.454194</Latitude>
                  </Location>
               </Centroid>
               <StopPlaceType>airport</StopPlaceType>
               <quays>
                  <n:Quay xmlns:n="http://www.netex.org.uk/netex" version="1" id="AVI:Quay:TRD">
                     <Centroid>
                        <Location srsName="EPSG:4326">
                           <Longitude>10.917965</Longitude>
                           <Latitude>63.454194</Latitude>
                        </Location>
                     </Centroid>
                  </n:Quay>
               </quays>
            </StopPlace>
            <StopPlace version="1" id="AVI:StopPlace:VAW">
               <Name>Vardø Lufthavn</Name>
               <ShortName>VAW</ShortName>
               <Centroid>
                  <Location srsName="EPSG:4326">
                     <Longitude>31.040454</Longitude>
                     <Latitude>70.356312</Latitude>
                  </Location>
               </Centroid>
               <StopPlaceType>airport</StopPlaceType>
               <quays>
                  <n:Quay xmlns:n="http://www.netex.org.uk/netex" version="1" id="AVI:Quay:VAW">
                     <Centroid>
                        <Location srsName="EPSG:4326">
                           <Longitude>31.040454</Longitude>
                           <Latitude>70.356312</Latitude>
                        </Location>
                     </Centroid>
                  </n:Quay>
               </quays>
            </StopPlace>
            <StopPlace version="1" id="AVI:StopPlace:VDB">
               <Name>Fagernes Lufthamn</Name>
               <ShortName>VDB</ShortName>
               <Centroid>
                  <Location srsName="EPSG:4326">
                     <Longitude>9.294491</Longitude>
                     <Latitude>61.006721</Latitude>
                  </Location>
               </Centroid>
               <StopPlaceType>airport</StopPlaceType>
               <quays>
                  <n:Quay xmlns:n="http://www.netex.org.uk/netex" version="1" id="AVI:Quay:VDB">
                     <Centroid>
                        <Location srsName="EPSG:4326">
                           <Longitude>9.294491</Longitude>
                           <Latitude>61.006721</Latitude>
                        </Location>
                     </Centroid>
                  </n:Quay>
               </quays>
            </StopPlace>
            <StopPlace version="1" id="AVI:StopPlace:VDS">
               <Name>Vadsø Lufthavn</Name>
               <ShortName>VDS</ShortName>
               <Centroid>
                  <Location srsName="EPSG:4326">
                     <Longitude>29.839741</Longitude>
                     <Latitude>70.06413</Latitude>
                  </Location>
               </Centroid>
               <StopPlaceType>airport</StopPlaceType>
               <quays>
                  <n:Quay xmlns:n="http://www.netex.org.uk/netex" version="1" id="AVI:Quay:VDS">
                     <Centroid>
                        <Location srsName="EPSG:4326">
                           <Longitude>29.839741</Longitude>
                           <Latitude>70.06413</Latitude>
                        </Location>
                     </Centroid>
                  </n:Quay>
               </quays>
            </StopPlace>
            <StopPlace version="1" id="AVI:StopPlace:VRY">
               <Name>Værøy Helikopterhavn</Name>
               <ShortName>VRY</ShortName>
               <Centroid>
                  <Location srsName="EPSG:4326">
                     <Longitude>12.725583</Longitude>
                     <Latitude>67.654925</Latitude>
                  </Location>
               </Centroid>
               <StopPlaceType>airport</StopPlaceType>
               <quays>
                  <n:Quay xmlns:n="http://www.netex.org.uk/netex" version="1" id="AVI:Quay:VRY">
                     <Centroid>
                        <Location srsName="EPSG:4326">
                           <Longitude>12.725583</Longitude>
                           <Latitude>67.654925</Latitude>
                        </Location>
                     </Centroid>
                  </n:Quay>
               </quays>
            </StopPlace>
         </stopPlaces>
      </SiteFrame>
   </dataObjects>
</PublicationDelivery>