<?xml version="1.0" encoding="UTF-8"?>
<PublicationDelivery xmlns="http://www.netex.org.uk/netex">
   <PublicationTimestamp>2017-05-23T12:17:59.306+02:00</PublicationTimestamp>
   <ParticipantRef>FLT</ParticipantRef>
   <Description>GTFS fra Flytoget</Description>
   <dataObjects>
      <SiteFrame id="FLT:SiteFrame:1" version="1">
         <codespaces>
            <Codespace id="FLT">
               <Xmlns>FLT</Xmlns>
               <XmlnsUrl>http://www.rutebanken.org/ns/flt</XmlnsUrl>
            </Codespace>
         </codespaces>
         <stopPlaces>
            <StopPlace id="FLT:StopPlace:7600100" version="1">
               <Name lang="no">Oslo S</Name>
               <AccessibilityAssessment id="FLT:AccessibilityAssessment:7600100" version="1">
                  <MobilityImpairedAccess>unknown</MobilityImpairedAccess>
                  <limitations>
                     <AccessibilityLimitation>
                        <WheelchairAccess>unknown</WheelchairAccess>
                        <StepFreeAccess>unknown</StepFreeAccess>
                     </AccessibilityLimitation>
                  </limitations>
               </AccessibilityAssessment>
               <StopPlaceType>railStation</StopPlaceType>
               <Weighting>interchangeAllowed</Weighting>
               <quays>
                  <n:Quay xmlns:n="http://www.netex.org.uk/netex" id="FLT:Quay:7600100" version="1">
                     <Centroid>
                        <Location srsName="EPSG:4326">
                           <Longitude>10.75533</Longitude>
                           <Latitude>59.9102</Latitude>
                        </Location>
                     </Centroid>
                  </n:Quay>
               </quays>
            </StopPlace>
            <StopPlace id="FLT:StopPlace:7600180" version="1">
               <Name lang="no">Nationaltheatret</Name>
               <AccessibilityAssessment id="FLT:AccessibilityAssessment:7600180" version="1">
                  <MobilityImpairedAccess>unknown</MobilityImpairedAccess>
                  <limitations>
                     <AccessibilityLimitation>
                        <WheelchairAccess>unknown</WheelchairAccess>
                        <StepFreeAccess>unknown</StepFreeAccess>
                     </AccessibilityLimitation>
                  </limitations>
               </AccessibilityAssessment>
               <StopPlaceType>railStation</StopPlaceType>
               <Weighting>interchangeAllowed</Weighting>
               <quays>
                  <n:Quay xmlns:n="http://www.netex.org.uk/netex" id="FLT:Quay:7600180" version="1">
                     <Centroid>
                        <Location srsName="EPSG:4326">
                           <Longitude>10.72974</Longitude>
                           <Latitude>59.9149</Latitude>
                        </Location>
                     </Centroid>
                  </n:Quay>
               </quays>
            </StopPlace>
            <StopPlace id="FLT:StopPlace:7600207" version="1">
               <Name lang="no">Lillestrøm</Name>
               <AccessibilityAssessment id="FLT:AccessibilityAssessment:7600207" version="1">
                  <MobilityImpairedAccess>unknown</MobilityImpairedAccess>
                  <limitations>
                     <AccessibilityLimitation>
                        <WheelchairAccess>unknown</WheelchairAccess>
                        <StepFreeAccess>unknown</StepFreeAccess>
                     </AccessibilityLimitation>
                  </limitations>
               </AccessibilityAssessment>
               <StopPlaceType>railStation</StopPlaceType>
               <Weighting>interchangeAllowed</Weighting>
               <quays>
                  <n:Quay xmlns:n="http://www.netex.org.uk/netex" id="FLT:Quay:7600207" version="1">
                     <Centroid>
                        <Location srsName="EPSG:4326">
                           <Longitude>11.04437</Longitude>
                           <Latitude>59.9532</Latitude>
                        </Location>
                     </Centroid>
                  </n:Quay>
               </quays>
            </StopPlace>
            <StopPlace id="FLT:StopPlace:7601402" version="1">
               <Name lang="no">Skøyen</Name>
               <AccessibilityAssessment id="FLT:AccessibilityAssessment:7601402" version="1">
                  <MobilityImpairedAccess>unknown</MobilityImpairedAccess>
                  <limitations>
                     <AccessibilityLimitation>
                        <WheelchairAccess>unknown</WheelchairAccess>
                        <StepFreeAccess>unknown</StepFreeAccess>
                     </AccessibilityLimitation>
                  </limitations>
               </AccessibilityAssessment>
               <StopPlaceType>railStation</StopPlaceType>
               <Weighting>interchangeAllowed</Weighting>
               <quays>
                  <n:Quay xmlns:n="http://www.netex.org.uk/netex" id="FLT:Quay:7601402" version="1">
                     <Centroid>
                        <Location srsName="EPSG:4326">
                           <Longitude>10.67985</Longitude>
                           <Latitude>59.922</Latitude>
                        </Location>
                     </Centroid>
                  </n:Quay>
               </quays>
            </StopPlace>
            <StopPlace id="FLT:StopPlace:7601404" version="1">
               <Name lang="no">Lysaker</Name>
               <AccessibilityAssessment id="FLT:AccessibilityAssessment:7601404" version="1">
                  <MobilityImpairedAccess>unknown</MobilityImpairedAccess>
                  <limitations>
                     <AccessibilityLimitation>
                        <WheelchairAccess>unknown</WheelchairAccess>
                        <StepFreeAccess>unknown</StepFreeAccess>
                     </AccessibilityLimitation>
                  </limitations>
               </AccessibilityAssessment>
               <StopPlaceType>railStation</StopPlaceType>
               <Weighting>interchangeAllowed</Weighting>
               <quays>
                  <n:Quay xmlns:n="http://www.netex.org.uk/netex" id="FLT:Quay:7601404" version="1">
                     <Centroid>
                        <Location srsName="EPSG:4326">
                           <Longitude>10.63658</Longitude>
                           <Latitude>59.91348</Latitude>
                        </Location>
                     </Centroid>
                  </n:Quay>
               </quays>
            </StopPlace>
            <StopPlace id="FLT:StopPlace:7601405" version="1">
               <Name lang="no">Stabekk</Name>
               <AccessibilityAssessment id="FLT:AccessibilityAssessment:7601405" version="1">
                  <MobilityImpairedAccess>unknown</MobilityImpairedAccess>
                  <limitations>
                     <AccessibilityLimitation>
                        <WheelchairAccess>unknown</WheelchairAccess>
                        <StepFreeAccess>unknown</StepFreeAccess>
                     </AccessibilityLimitation>
                  </limitations>
               </AccessibilityAssessment>
               <StopPlaceType>railStation</StopPlaceType>
               <Weighting>interchangeAllowed</Weighting>
               <quays>
                  <n:Quay xmlns:n="http://www.netex.org.uk/netex" id="FLT:Quay:7601405" version="1">
                     <Centroid>
                        <Location srsName="EPSG:4326">
                           <Longitude>10.60715</Longitude>
                           <Latitude>59.90794</Latitude>
                        </Location>
                     </Centroid>
                  </n:Quay>
               </quays>
            </StopPlace>
            <StopPlace id="FLT:StopPlace:7601408" version="1">
               <Name lang="no">Sandvika</Name>
               <AccessibilityAssessment id="FLT:AccessibilityAssessment:7601408" version="1">
                  <MobilityImpairedAccess>unknown</MobilityImpairedAccess>
                  <limitations>
                     <AccessibilityLimitation>
                        <WheelchairAccess>unknown</WheelchairAccess>
                        <StepFreeAccess>unknown</StepFreeAccess>
                     </AccessibilityLimitation>
                  </limitations>
               </AccessibilityAssessment>
               <StopPlaceType>railStation</StopPlaceType>
               <Weighting>interchangeAllowed</Weighting>
               <quays>
                  <n:Quay xmlns:n="http://www.netex.org.uk/netex" id="FLT:Quay:7601408" version="1">
                     <Centroid>
                        <Location srsName="EPSG:4326">
                           <Longitude>10.52602</Longitude>
                           <Latitude>59.89302</Latitude>
                        </Location>
                     </Centroid>
                  </n:Quay>
               </quays>
            </StopPlace>
            <StopPlace id="FLT:StopPlace:7601413" version="1">
               <Name lang="no">Asker</Name>
               <AccessibilityAssessment id="FLT:AccessibilityAssessment:7601413" version="1">
                  <MobilityImpairedAccess>unknown</MobilityImpairedAccess>
                  <limitations>
                     <AccessibilityLimitation>
                        <WheelchairAccess>unknown</WheelchairAccess>
                        <StepFreeAccess>unknown</StepFreeAccess>
                     </AccessibilityLimitation>
                  </limitations>
               </AccessibilityAssessment>
               <StopPlaceType>railStation</StopPlaceType>
               <Weighting>interchangeAllowed</Weighting>
               <quays>
                  <n:Quay xmlns:n="http://www.netex.org.uk/netex" id="FLT:Quay:7601413" version="1">
                     <Centroid>
                        <Location srsName="EPSG:4326">
                           <Longitude>10.43455</Longitude>
                           <Latitude>59.83375</Latitude>
                        </Location>
                     </Centroid>
                  </n:Quay>
               </quays>
            </StopPlace>
            <StopPlace id="FLT:StopPlace:7601421" version="1">
               <Name lang="no">Drammen</Name>
               <AccessibilityAssessment id="FLT:AccessibilityAssessment:7601421" version="1">
                  <MobilityImpairedAccess>unknown</MobilityImpairedAccess>
                  <limitations>
                     <AccessibilityLimitation>
                        <WheelchairAccess>unknown</WheelchairAccess>
                        <StepFreeAccess>unknown</StepFreeAccess>
                     </AccessibilityLimitation>
                  </limitations>
               </AccessibilityAssessment>
               <StopPlaceType>railStation</StopPlaceType>
               <Weighting>interchangeAllowed</Weighting>
               <quays>
                  <n:Quay xmlns:n="http://www.netex.org.uk/netex" id="FLT:Quay:7601421" version="1">
                     <Centroid>
                        <Location srsName="EPSG:4326">
                           <Longitude>10.20484</Longitude>
                           <Latitude>59.74016</Latitude>
                        </Location>
                     </Centroid>
                  </n:Quay>
               </quays>
            </StopPlace>
            <StopPlace id="FLT:StopPlace:7699220" version="1">
               <Name lang="no">Oslo Lufthavn</Name>
               <AccessibilityAssessment id="FLT:AccessibilityAssessment:7699220" version="1">
                  <MobilityImpairedAccess>unknown</MobilityImpairedAccess>
                  <limitations>
                     <AccessibilityLimitation>
                        <WheelchairAccess>unknown</WheelchairAccess>
                        <StepFreeAccess>unknown</StepFreeAccess>
                     </AccessibilityLimitation>
                  </limitations>
               </AccessibilityAssessment>
               <StopPlaceType>railStation</StopPlaceType>
               <Weighting>interchangeAllowed</Weighting>
               <quays>
                  <n:Quay xmlns:n="http://www.netex.org.uk/netex" id="FLT:Quay:7699220" version="1">
                     <Centroid>
                        <Location srsName="EPSG:4326">
                           <Longitude>11.09691</Longitude>
                           <Latitude>60.19328</Latitude>
                        </Location>
                     </Centroid>
                  </n:Quay>
               </quays>
            </StopPlace>
         </stopPlaces>
      </SiteFrame>
   </dataObjects>
</PublicationDelivery>